[
    {
        "ParameterKey": "AvailabilityZones",
        "ParameterValue": [
            "us-east-1a",
            "us-east-1b"
        ]
    },
    {
        "ParameterKey": "AcceptEULA",
        "ParameterValue": "yes"
    },
    {
        "ParameterKey": "AMIOS",
        "ParameterValue": "CentOS-7-HVM"
    },
    {
        "ParameterKey": "InstanceType",
        "ParameterValue": "m5.4xlarge"
    },
    {
        "ParameterKey": "KeyPairName",
        "ParameterValue": "aws-qs-tc-all"
    },
    {
        "ParameterKey": "Password",
        "ParameterValue": "GBkQQywqRoX@xpym*C6*3V349@ev2DP*"
    },
    {
        "ParameterKey": "PublicSubnet1CIDR",
        "ParameterValue": "10.0.128.0/20"
    },
    {
        "ParameterKey": "PublicSubnet2CIDR",
        "ParameterValue": "10.0.144.0/20"
    },
    {
        "ParameterKey": "QSS3BucketName",
        "ParameterValue": "aws-quickstart"
    },
    {
        "ParameterKey": "QSS3KeyPrefix",
        "ParameterValue": "quickstart-tableau-server/"
    },
    {
        "ParameterKey": "RegCity",
        "ParameterValue": "Test City"
    },
    {
        "ParameterKey": "RegCompany",
        "ParameterValue": "Test Company"
    },
    {
        "ParameterKey": "RegCountry",
        "ParameterValue": "Test Country"
    },
    {
        "ParameterKey": "RegDepartment",
        "ParameterValue": "Test Department"
    },
    {
        "ParameterKey": "RegEmail",
        "ParameterValue": "testemail@example.com"
    },
    {
        "ParameterKey": "RegFirstName",
        "ParameterValue": "Test First Name"
    },
    {
        "ParameterKey": "RegIndustry",
        "ParameterValue": "Test Industry"
    },
    {
        "ParameterKey": "RegLastName",
        "ParameterValue": "Test Last Name"
    },
    {
        "ParameterKey": "RegPhone",
        "ParameterValue": "Test Phone"
    },
    {
        "ParameterKey": "RegState",
        "ParameterValue": "Test State"
    },
    {
        "ParameterKey": "RegTitle",
        "ParameterValue": "Test Title"
    },
    {
        "ParameterKey": "RegZip",
        "ParameterValue": "Test Zip"
    },
    {
        "ParameterKey": "SourceCIDR",
        "ParameterValue": "0.0.0.0/0"
    },
    {
        "ParameterKey": "TableauServerAdminPassword",
        "ParameterValue": "GBkQQywqRoX@xpym*C6*3V349@ev2DP*"
    },
    {
        "ParameterKey": "TableauServerAdminUser",
        "ParameterValue": "admin"
    },
    {
        "ParameterKey": "TableauServerLicenseKey",
        "ParameterValue": ""
    },
    {
        "ParameterKey": "Username",
        "ParameterValue": "tsmadmin"
    },
    {
        "ParameterKey": "VPCCIDR",
        "ParameterValue": "10.0.0.0/16"
    }
]